000002.SZ,万科A,2006-4-28
000002.SZ,万科A,2011-3-23
000006.SZ,深振业A,2006-2-24
000008.SZ,神州高铁,2016-10-22
000012.SZ,南玻A,2008-4-11
000036.SZ,华联控股,2015-4-20
000039.SZ,中集集团,2010-9-2
000042.SZ,中洲控股,2015-7-31
000046.SZ,泛海控股,2006-9-28
000056.SZ,皇庭国际,2017-6-10
000061.SZ,农产品,2005-7-14
000063.SZ,中兴通讯,2017-4-25
000063.SZ,中兴通讯,2013-8-27
000063.SZ,中兴通讯,2006-10-26
000069.SZ,华侨城A,2006-6-2
000069.SZ,华侨城A,2015-9-11
000078.SZ,海王生物,2015-4-22
000100.SZ,TCL集团,2011-1-29
000333.SZ,美的集团,2015-4-29
000333.SZ,美的集团,2017-3-31
000333.SZ,美的集团,2014-1-13
000333.SZ,美的集团,2016-5-26
000333.SZ,美的集团,2017-3-31
000413.SZ,东旭光电,2014-8-19
000501.SZ,鄂武商A,2014-9-23
000513.SZ,丽珠集团,2015-1-26
000523.SZ,广州浪奇,2012-6-29
000530.SZ,大冷股份,2014-12-10
000530.SZ,大冷股份,2016-8-26
000534.SZ,万泽股份,2012-10-18
000540.SZ,中天金融,2015-10-19
000540.SZ,中天金融,2013-7-18
000540.SZ,中天金融,2013-7-18
000546.SZ,金圆股份,2015-7-15
000558.SZ,莱茵体育,2015-8-1
000560.SZ,昆百大A,2013-4-18
000561.SZ,烽火电子,2017-4-12
000566.SZ,海南海药,2006-9-29
000568.SZ,泸州老窖,2010-1-23
000609.SZ,绵石投资,2016-2-27
000609.SZ,绵石投资,2016-2-27
000612.SZ,焦作万方,2014-1-21
000615.SZ,京汉股份,2017-8-18
000615.SZ,京汉股份,2017-8-18
000625.SZ,长安汽车,2016-3-31
000650.SZ,仁和药业,2013-1-23
000651.SZ,格力电器,2005-12-23
000656.SZ,金科股份,2015-11-20
000667.SZ,美好置业,2012-6-27
000669.SZ,金鸿控股,2015-7-23
000671.SZ,阳光城,2012-7-24
000673.SZ,当代东方,2015-11-10
000687.SZ,华讯方舟,2017-6-7
000690.SZ,宝新能源,2006-7-21
000703.SZ,恒逸石化,2017-5-20
000703.SZ,恒逸石化,2015-8-6
000716.SZ,黑芝麻,2017-5-20
000716.SZ,黑芝麻,2014-11-4
000726.SZ,鲁泰A,2011-7-16
000760.SZ,斯太尔,2015-11-27
000790.SZ,泰合健康,2009-11-25
000802.SZ,北京文化,2014-10-18
000802.SZ,北京文化,2016-6-15
000810.SZ,创维数字,2017-8-16
000818.SZ,方大化工,2012-7-27
000826.SZ,启迪桑德,2014-11-14
000826.SZ,启迪桑德,2010-8-11
000829.SZ,天音控股,2016-2-27
000851.SZ,高鸿股份,2014-10-8
000851.SZ,高鸿股份,2017-6-15
000863.SZ,三湘印象,2015-5-26
000887.SZ,中鼎股份,2016-8-8
000893.SZ,东凌国际,2013-6-26
000893.SZ,东凌国际,2013-6-26
000902.SZ,新洋丰,2015-7-13
000910.SZ,大亚圣象,2017-6-17
000910.SZ,大亚圣象,2016-6-29
000921.SZ,海信科龙,2011-6-11
000925.SZ,众合科技,2012-12-29
000926.SZ,福星股份,2006-9-22
000936.SZ,华西股份,2016-3-15
000939.SZ,凯迪生态,2006-7-26
000948.SZ,南天信息,2010-3-19
000961.SZ,中南建设,2011-11-26
000967.SZ,盈峰环境,2016-2-22
000969.SZ,安泰科技,2008-12-30
000971.SZ,高升控股,2015-12-9
000976.SZ,华铁股份,2016-12-20
000977.SZ,浪潮信息,2015-2-28
000997.SZ,新大陆,2005-10-12
000997.SZ,新大陆,2014-9-2
001979.SZ,招商蛇口,2016-11-29
002002.SZ,鸿达兴业,2014-7-10
002002.SZ,鸿达兴业,2014-7-10
002003.SZ,伟星股份,2016-6-15
002003.SZ,伟星股份,2013-6-14
002003.SZ,伟星股份,2006-6-27
002004.SZ,华邦健康,2013-6-18
002004.SZ,华邦健康,2015-8-5
002007.SZ,华兰生物,2013-7-23
002008.SZ,大族激光,2012-10-10
002008.SZ,大族激光,2012-10-10
002010.SZ,传化智联,2017-9-2
002010.SZ,传化智联,2016-3-29
002011.SZ,盾安环境,2010-1-19
002014.SZ,永新股份,2006-8-31
002014.SZ,永新股份,2006-8-31
002017.SZ,东信和平,2013-12-5
002021.SZ,中捷资源,2006-4-27
002022.SZ,科华生物,2015-6-6
002028.SZ,思源电气,2012-9-4
002029.SZ,七匹狼,2010-11-23
002031.SZ,巨轮智能,2011-12-13
002032.SZ,苏泊尔,2013-10-12
002032.SZ,苏泊尔,2006-6-29
002032.SZ,苏泊尔,2012-6-14
002034.SZ,美欣达,2013-3-20
002035.SZ,华帝股份,2016-4-18
002038.SZ,双鹭药业,2006-4-28
002042.SZ,华孚时尚,2014-3-11
002042.SZ,华孚时尚,2011-7-21
002043.SZ,兔宝宝,2014-1-25
002043.SZ,兔宝宝,2017-2-16
002045.SZ,国光电器,2006-6-29
002045.SZ,国光电器,2006-6-29
002051.SZ,中工国际,2017-7-17
002051.SZ,中工国际,2014-4-3
002054.SZ,德美化工,2008-7-17
002055.SZ,得润电子,2008-5-13
002055.SZ,得润电子,2008-5-13
002056.SZ,横店东磁,2010-9-27
002063.SZ,远光软件,2009-11-24
002063.SZ,远光软件,2014-10-10
002063.SZ,远光软件,2012-11-3
002063.SZ,远光软件,2016-8-23
002065.SZ,东华软件,2011-12-31
002067.SZ,景兴纸业,2017-2-10
002069.SZ,獐子岛,2015-3-10
002073.SZ,软控股份,2014-7-14
002073.SZ,软控股份,2014-7-14
002074.SZ,国轩高科,2015-9-2
002076.SZ,雪莱特,2015-4-14
002078.SZ,太阳纸业,2017-9-11
002078.SZ,太阳纸业,2014-4-28
002079.SZ,苏州固锝,2010-8-21
002081.SZ,金螳螂,2008-7-11
002089.SZ,新海宜,2012-8-15
002090.SZ,金智科技,2013-6-18
002091.SZ,江苏国泰,2013-2-26
002093.SZ,国脉科技,2016-12-29
002097.SZ,山河智能,2010-11-18
002098.SZ,浔兴股份,2011-5-21
002099.SZ,海翔药业,2015-1-21
002099.SZ,海翔药业,2010-6-29
002101.SZ,广东鸿图,2016-9-20
002103.SZ,广博股份,2016-7-27
002104.SZ,恒宝股份,2014-4-25
002104.SZ,恒宝股份,2014-4-25
002115.SZ,三维通信,2016-7-19
002116.SZ,中国海诚,2013-12-13
002116.SZ,中国海诚,2012-3-6
002117.SZ,东港股份,2011-9-10
002120.SZ,韵达股份,2017-3-2
002121.SZ,科陆电子,2013-11-13
002121.SZ,科陆电子,2013-11-13
002124.SZ,天邦股份,2013-1-22
002126.SZ,银轮股份,2013-1-7
002130.SZ,沃尔核材,2012-1-17
002130.SZ,沃尔核材,2017-2-13
002130.SZ,沃尔核材,2012-1-17
002130.SZ,沃尔核材,2017-2-13
002131.SZ,利欧股份,2016-6-21
002132.SZ,恒星科技,2014-10-28
002137.SZ,麦达数字,2014-2-20
002137.SZ,麦达数字,2017-5-5
002137.SZ,麦达数字,2014-2-20
002138.SZ,顺络电子,2013-5-3
002138.SZ,顺络电子,2010-1-20
002138.SZ,顺络电子,2016-8-16
002139.SZ,拓邦股份,2013-3-28
002139.SZ,拓邦股份,2015-10-13
002145.SZ,中核钛白,2015-4-30
002146.SZ,荣盛发展,2010-7-13
002148.SZ,北纬科技,2010-11-24
002148.SZ,北纬科技,2016-11-30
002150.SZ,通润装备,2016-10-31
002151.SZ,北斗星通,2016-10-15
002151.SZ,北斗星通,2016-10-15
002151.SZ,北斗星通,2009-7-11
002153.SZ,石基信息,2016-8-22
002154.SZ,报喜鸟,2017-1-19
002154.SZ,报喜鸟,2008-10-21
002157.SZ,正邦科技,2016-5-18
002157.SZ,正邦科技,2017-5-23
002157.SZ,正邦科技,2015-4-17
002157.SZ,正邦科技,2017-5-23
002160.SZ,常铝股份,2015-11-2
002161.SZ,远望谷,2016-10-1
002161.SZ,远望谷,2012-2-9
002162.SZ,悦心健康,2010-4-1
002162.SZ,悦心健康,2017-7-1
002165.SZ,红宝丽,2012-7-10
002167.SZ,东方锆业,2012-11-6
002168.SZ,深圳惠程,2015-10-14
002168.SZ,深圳惠程,2015-10-14
002168.SZ,深圳惠程,2015-8-6
002168.SZ,深圳惠程,2016-8-23
002170.SZ,芭田股份,2010-9-18
002172.SZ,澳洋科技,2016-8-17
002172.SZ,澳洋科技,2013-8-19
002172.SZ,澳洋科技,2016-8-17
002173.SZ,创新医疗,2012-6-19
002174.SZ,游族网络,2011-6-3
002174.SZ,游族网络,2017-7-18
002176.SZ,江特电机,2013-2-7
002176.SZ,江特电机,2017-5-18
002178.SZ,延华智能,2014-4-9
002179.SZ,中航光电,2016-10-28
002180.SZ,纳思达,2016-9-10
002183.SZ,怡亚通,2013-10-25
002184.SZ,海得控制,2016-12-8
002191.SZ,劲嘉股份,2014-3-15
002194.SZ,武汉凡谷,2010-3-6
002195.SZ,二三四五,2016-10-28
002195.SZ,二三四五,2011-9-21
002196.SZ,方正电机,2014-11-29
002197.SZ,证通电子,2014-8-26
002200.SZ,云投生态,2008-6-3
002203.SZ,海亮股份,2016-8-6
002206.SZ,海利得,2014-1-17
002206.SZ,海利得,2017-6-17
002206.SZ,海利得,2014-1-17
002215.SZ,诺普信,2012-2-7
002215.SZ,诺普信,2015-11-17
002216.SZ,三全食品,2014-2-8
002216.SZ,三全食品,2016-9-27
002219.SZ,恒康医疗,2012-10-30
002221.SZ,东华能源,2010-11-23
002221.SZ,东华能源,2014-4-4
002221.SZ,东华能源,2017-6-9
002224.SZ,三力士,2014-7-9
002225.SZ,濮耐股份,2017-4-21
002225.SZ,濮耐股份,2012-8-3
002225.SZ,濮耐股份,2012-8-3
002226.SZ,江南化工,2013-6-4
002227.SZ,奥特迅,2013-9-4
002227.SZ,奥特迅,2013-9-4
002229.SZ,鸿博股份,2016-12-14
002230.SZ,科大讯飞,2017-1-16
002230.SZ,科大讯飞,2011-12-13
002230.SZ,科大讯飞,2014-11-11
002235.SZ,安妮股份,2017-6-9
002235.SZ,安妮股份,2017-6-9
002236.SZ,大华股份,2013-11-9
002236.SZ,大华股份,2010-6-3
002241.SZ,歌尔股份,2013-11-28
002242.SZ,九阳股份,2014-7-19
002245.SZ,澳洋顺昌,2014-1-11
002245.SZ,澳洋顺昌,2017-2-27
002245.SZ,澳洋顺昌,2014-1-11
002247.SZ,帝龙文化,2014-7-10
002249.SZ,大洋电机,2014-12-10
002249.SZ,大洋电机,2017-3-18
002249.SZ,大洋电机,2014-12-10
002249.SZ,大洋电机,2017-3-18
002250.SZ,联化科技,2011-12-10
002250.SZ,联化科技,2014-9-10
002250.SZ,联化科技,2017-2-23
002252.SZ,上海莱士,2014-8-14
002252.SZ,上海莱士,2014-8-14
002256.SZ,兆新股份,2013-12-4
002256.SZ,兆新股份,2013-12-4
002261.SZ,拓维信息,2014-6-25
002264.SZ,新华都,2010-11-26
002266.SZ,浙富控股,2010-6-11
002269.SZ,美邦服饰,2010-10-12
002269.SZ,美邦服饰,2013-12-25
002271.SZ,东方雨虹,2013-7-6
002271.SZ,东方雨虹,2016-7-28
002273.SZ,水晶光电,2010-11-30
002273.SZ,水晶光电,2016-10-31
002276.SZ,万马股份,2013-10-8
002277.SZ,友阿股份,2011-9-29
002279.SZ,久其软件,2017-8-23
002281.SZ,光迅科技,2014-11-12
002283.SZ,天润曲轴,2014-10-28
002285.SZ,世联行,2016-2-6
002285.SZ,世联行,2017-8-30
002292.SZ,奥飞娱乐,2014-6-4
002292.SZ,奥飞娱乐,2014-6-4
002293.SZ,罗莱生活,2017-4-1
002293.SZ,罗莱生活,2013-5-4
002295.SZ,精艺股份,2015-10-29
002298.SZ,中电鑫龙,2011-5-17
002301.SZ,齐心集团,2011-6-28
002305.SZ,南国置业,2011-6-28
002308.SZ,威创股份,2011-6-9
002308.SZ,威创股份,2016-8-4
002309.SZ,中利集团,2015-7-21
002310.SZ,东方园林,2016-5-25
002310.SZ,东方园林,2011-1-11
002310.SZ,东方园林,2014-8-18
002311.SZ,海大集团,2014-8-27
002311.SZ,海大集团,2014-8-27
002311.SZ,海大集团,2016-12-7
002311.SZ,海大集团,2011-4-19
002313.SZ,日海通讯,2012-12-25
002317.SZ,众生药业,2013-11-30
002322.SZ,理工环科,2012-4-7
002324.SZ,普利特,2011-8-25
002325.SZ,洪涛股份,2011-5-12
002325.SZ,洪涛股份,2017-1-24
002325.SZ,洪涛股份,2013-6-18
002326.SZ,永太科技,2013-12-24
002326.SZ,永太科技,2017-4-18
002327.SZ,富安娜,2014-4-1
002327.SZ,富安娜,2012-2-7
002327.SZ,富安娜,2016-12-31
002327.SZ,富安娜,2011-1-25
002327.SZ,富安娜,2016-2-2
002333.SZ,罗普斯金,2011-9-2
002334.SZ,英威腾,2013-7-4
002334.SZ,英威腾,2015-9-29
002334.SZ,英威腾,2013-7-4
002335.SZ,科华恒盛,2017-7-25
002335.SZ,科华恒盛,2014-9-2
002335.SZ,科华恒盛,2014-9-2
002335.SZ,科华恒盛,2011-9-6
002337.SZ,赛象科技,2013-3-13
002340.SZ,格林美,2016-12-10
002341.SZ,新纶科技,2017-1-18
002350.SZ,北京科锐,2016-11-28
002354.SZ,天神娱乐,2015-11-21
002362.SZ,汉王科技,2016-11-18
002364.SZ,中恒电气,2014-5-14
002364.SZ,中恒电气,2011-12-13
002365.SZ,永安药业,2016-11-18
002367.SZ,康力电梯,2011-9-2
002368.SZ,太极股份,2015-1-10
002369.SZ,卓翼科技,2017-9-21
002369.SZ,卓翼科技,2014-4-28
002369.SZ,卓翼科技,2017-9-21
002372.SZ,伟星新材,2016-2-27
002372.SZ,伟星新材,2011-11-19
002373.SZ,千方科技,2012-6-21
002375.SZ,亚厦股份,2011-4-19
002377.SZ,国创高新,2013-11-5
002382.SZ,蓝帆医疗,2015-1-20
002383.SZ,合众思壮,2012-2-1
002383.SZ,合众思壮,2017-8-30
002383.SZ,合众思壮,2017-8-30
002385.SZ,大北农,2011-11-23
002387.SZ,黑牛食品,2011-12-13
002389.SZ,南洋科技,2014-2-28
002389.SZ,南洋科技,2014-2-28
002391.SZ,长青股份,2013-5-17
002397.SZ,梦洁股份,2016-3-30
002397.SZ,梦洁股份,2013-10-26
002398.SZ,建研集团,2017-3-16
002400.SZ,省广股份,2015-9-16
002400.SZ,省广股份,2016-3-31
002402.SZ,和而泰,2017-9-28
002405.SZ,四维图新,2015-6-2
002407.SZ,多氟多,2014-12-22
002410.SZ,广联达,2012-12-12
002413.SZ,雷科防务,2017-3-24
002415.SZ,海康威视,2012-7-25
002415.SZ,海康威视,2016-10-21
002415.SZ,海康威视,2014-9-30
002416.SZ,爱施德,2014-6-19
002416.SZ,爱施德,2012-3-31
002416.SZ,爱施德,2011-8-18
002419.SZ,天虹股份,2014-6-5
002421.SZ,达实智能,2014-12-20
002421.SZ,达实智能,2012-3-17
002422.SZ,科伦药业,2016-10-28
002426.SZ,胜利精密,2012-6-12
002429.SZ,兆驰股份,2012-10-23
002431.SZ,棕榈股份,2013-4-15
002433.SZ,太安堂,2014-11-12
002436.SZ,兴森科技,2011-7-12
002437.SZ,誉衡药业,2014-9-30
002438.SZ,江苏神通,2015-11-25
002441.SZ,众业达,2015-6-30
002441.SZ,众业达,2017-9-5
002445.SZ,中南文化,2016-3-8
002447.SZ,壹桥股份,2014-5-6
002448.SZ,中原内配,2017-8-25
002450.SZ,康得新,2012-11-5
002450.SZ,康得新,2011-1-28
002450.SZ,康得新,2014-2-24
002452.SZ,长高集团,2016-11-17
002452.SZ,长高集团,2013-1-15
002454.SZ,松芝股份,2015-10-30
002454.SZ,松芝股份,2015-8-25
002456.SZ,欧菲光,2016-6-25
002456.SZ,欧菲光,2016-6-25
002458.SZ,益生股份,2014-4-2
002458.SZ,益生股份,2017-3-9
002458.SZ,益生股份,2014-4-2
002460.SZ,赣锋锂业,2012-6-27
002466.SZ,天齐锂业,2015-8-11
002467.SZ,二六三,2013-12-25
002467.SZ,二六三,2015-8-20
002469.SZ,三维工程,2012-6-16
002470.SZ,金正大,2014-8-26
002472.SZ,双环传动,2017-1-21
002472.SZ,双环传动,2013-12-19
002475.SZ,立讯精密,2015-9-22
002479.SZ,富春环保,2012-11-21
002480.SZ,新筑股份,2017-8-12
002482.SZ,广田集团,2014-11-8
002482.SZ,广田集团,2011-11-11
002483.SZ,润邦股份,2014-11-4
002489.SZ,浙江永强,2011-12-24
002491.SZ,通鼎互联,2013-6-4
002495.SZ,佳隆股份,2012-2-17
002496.SZ,辉丰股份,2012-1-17
002503.SZ,搜于特,2016-12-12
002508.SZ,老板电器,2014-9-10
002511.SZ,中顺洁柔,2015-10-21
002514.SZ,宝馨科技,2015-4-16
002516.SZ,旷达科技,2014-11-18
002518.SZ,科士达,2013-9-3
002518.SZ,科士达,2017-6-20
002519.SZ,银河电子,2014-11-28
002519.SZ,银河电子,2011-12-29
002519.SZ,银河电子,2016-2-23
002521.SZ,齐峰新材,2013-4-8
002527.SZ,新时达,2012-3-20
002528.SZ,英飞拓,2011-8-30
002528.SZ,英飞拓,2013-5-17
002528.SZ,英飞拓,2016-5-23
002532.SZ,新界泵业,2014-12-16
002532.SZ,新界泵业,2014-12-16
002533.SZ,金杯电工,2014-7-9
002534.SZ,杭锅股份,2016-1-8
002535.SZ,林州重机,2011-9-20
002537.SZ,海联金汇,2013-4-26
002542.SZ,中化岩土,2017-7-8
002548.SZ,金新农,2013-1-11
002550.SZ,千红制药,2017-8-22
002551.SZ,尚荣医疗,2014-5-27
002554.SZ,惠博普,2015-11-24
002556.SZ,辉隆股份,2017-9-14
002559.SZ,亚威股份,2016-4-25
002560.SZ,通达股份,2015-9-29
002562.SZ,兄弟科技,2015-10-19
002563.SZ,森马服饰,2015-7-14
002565.SZ,顺灏股份,2013-5-30
002567.SZ,唐人神,2012-2-18
002572.SZ,索菲亚,2013-1-29
002573.SZ,清新环境,2014-11-25
002577.SZ,雷柏科技,2015-1-9
002577.SZ,雷柏科技,2015-1-9
002579.SZ,中京电子,2016-11-25
002580.SZ,圣阳股份,2015-11-24
002580.SZ,圣阳股份,2012-6-6
002583.SZ,海能达,2013-8-15
002587.SZ,奥拓电子,2016-2-5
002587.SZ,奥拓电子,2017-7-11
002587.SZ,奥拓电子,2013-4-3
002588.SZ,史丹利,2014-12-10
002591.SZ,恒大高新,2013-8-22
002593.SZ,日上集团,2014-5-27
002593.SZ,日上集团,2017-7-13
002593.SZ,日上集团,2017-3-14
002593.SZ,日上集团,2017-3-14
002596.SZ,海南瑞泽,2014-1-24
002596.SZ,海南瑞泽,2014-1-24
002596.SZ,海南瑞泽,2017-5-6
002597.SZ,金禾实业,2014-5-26
002599.SZ,盛通股份,2017-4-1
002599.SZ,盛通股份,2015-8-15
002601.SZ,龙蟒佰利,2013-4-25
002601.SZ,龙蟒佰利,2015-1-27
002603.SZ,以岭药业,2013-5-6
002603.SZ,以岭药业,2013-5-6
002606.SZ,大连电瓷,2015-9-29
002609.SZ,捷顺科技,2014-6-21
002609.SZ,捷顺科技,2016-10-1
002609.SZ,捷顺科技,2012-8-2
002611.SZ,东方精工,2013-6-4
002614.SZ,奥佳华,2015-2-5
002614.SZ,奥佳华,2017-6-22
002614.SZ,奥佳华,2017-6-22
002616.SZ,长青集团,2014-3-6
002616.SZ,长青集团,2016-1-25
002616.SZ,长青集团,2015-5-5
002624.SZ,完美世界,2015-6-2
002625.SZ,光启技术,2014-1-11
002631.SZ,德尔未来,2013-11-5
002631.SZ,德尔未来,2013-11-5
002635.SZ,安洁科技,2014-1-22
002635.SZ,安洁科技,2017-2-8
002637.SZ,赞宇科技,2017-8-3
002640.SZ,跨境通,2015-11-16
002640.SZ,跨境通,2017-8-21
002640.SZ,跨境通,2015-3-5
002642.SZ,荣之联,2013-12-23
002648.SZ,卫星石化,2014-6-24
002648.SZ,卫星石化,2016-9-3
002649.SZ,博彦科技,2014-4-29
002649.SZ,博彦科技,2015-11-21
002650.SZ,加加食品,2015-5-28
002660.SZ,茂硕电源,2012-10-29
002661.SZ,克明面业,2014-4-22
002661.SZ,克明面业,2014-4-22
002663.SZ,普邦股份,2013-8-8
002668.SZ,奥马电器,2016-2-22
002671.SZ,龙泉股份,2014-2-12
002672.SZ,东江环保,2016-8-24
002672.SZ,东江环保,2013-11-28
002674.SZ,兴业科技,2013-7-2
002677.SZ,浙江美大,2016-9-5
002680.SZ,长生生物,2017-2-27
002681.SZ,奋达科技,2014-11-6
002681.SZ,奋达科技,2017-3-2
002681.SZ,奋达科技,2016-6-2
002686.SZ,亿利达,2015-9-11
002689.SZ,远大智能,2013-12-28
002693.SZ,双成药业,2014-12-8
002694.SZ,顾地科技,2016-11-23
002695.SZ,煌上煌,2013-11-23
002702.SZ,海欣食品,2016-7-9
002706.SZ,良信电器,2017-6-10
002706.SZ,良信电器,2014-9-13
002707.SZ,众信旅游,2014-9-26
002707.SZ,众信旅游,2016-3-15
002707.SZ,众信旅游,2017-10-13
002709.SZ,天赐材料,2015-8-11
002712.SZ,思美传媒,2014-12-17
002713.SZ,东易日盛,2016-7-2
002717.SZ,岭南园林,2015-1-12
002719.SZ,麦趣尔,2014-12-2
002724.SZ,海洋王,2017-1-24
002726.SZ,龙大肉食,2016-3-31
002734.SZ,利民股份,2016-7-5
002735.SZ,王子新材,2017-6-27
002738.SZ,中矿资源,2016-10-26
002738.SZ,中矿资源,2015-7-22
002743.SZ,富煌钢构,2016-11-14
002747.SZ,埃斯顿,2016-12-27
002747.SZ,埃斯顿,2015-7-29
002751.SZ,易尚展示,2017-5-10
002762.SZ,金发拉比,2017-7-11
002765.SZ,蓝黛传动,2016-9-2
002769.SZ,普路通,2015-9-14
002771.SZ,真视通,2015-11-2
002771.SZ,真视通,2017-1-9
002772.SZ,众兴菌业,2015-10-1
002773.SZ,康弘药业,2015-12-15
002773.SZ,康弘药业,2015-12-15
002775.SZ,文科园林,2016-3-23
002780.SZ,三夫户外,2016-1-7
002781.SZ,奇信股份,2016-3-26
002787.SZ,华源控股,2016-10-21
002792.SZ,通宇通讯,2016-8-27
002798.SZ,帝王洁具,2017-9-1
002801.SZ,微光股份,2017-3-20
002802.SZ,洪汇新材,2017-8-15
002809.SZ,红墙股份,2017-5-22
002812.SZ,创新股份,2017-3-31
002821.SZ,凯莱英,2016-12-30
002821.SZ,凯莱英,2016-12-30
002823.SZ,凯中精密,2017-1-25
002825.SZ,纳尔股份,2017-1-16
002825.SZ,纳尔股份,2017-1-16
002828.SZ,贝肯能源,2017-6-19
002829.SZ,星网宇达,2017-2-21
002833.SZ,弘亚数控,2017-3-6
002837.SZ,英维克,2017-3-29
002841.SZ,视源股份,2017-4-5
002845.SZ,同兴达,2017-5-23
002851.SZ,麦格米特,2017-6-2
002870.SZ,香山股份,2017-10-12
002870.SZ,香山股份,2017-10-12
300002.SZ,神州泰岳,2012-8-21
300002.SZ,神州泰岳,2012-8-21
300005.SZ,探路者,2012-5-24
300005.SZ,探路者,2010-11-30
300005.SZ,探路者,2012-5-24
300008.SZ,天海防务,2014-6-28
300009.SZ,安科生物,2013-3-28
300009.SZ,安科生物,2016-6-30
300010.SZ,立思辰,2016-7-9
300010.SZ,立思辰,2016-7-9
300010.SZ,立思辰,2013-8-2
300010.SZ,立思辰,2013-8-2
300011.SZ,鼎汉技术,2011-3-17
300011.SZ,鼎汉技术,2016-1-1
300011.SZ,鼎汉技术,2016-5-5
300011.SZ,鼎汉技术,2013-2-8
300012.SZ,华测检测,2011-12-31
300012.SZ,华测检测,2011-12-31
300014.SZ,亿纬锂能,2012-2-24
300014.SZ,亿纬锂能,2017-1-5
300014.SZ,亿纬锂能,2012-2-24
300014.SZ,亿纬锂能,2017-1-5
300015.SZ,爱尔眼科,2011-4-26
300015.SZ,爱尔眼科,2013-1-1
300015.SZ,爱尔眼科,2016-3-31
300016.SZ,北陆药业,2013-12-25
300017.SZ,网宿科技,2017-5-13
300017.SZ,网宿科技,2014-6-18
300017.SZ,网宿科技,2011-7-7
300017.SZ,网宿科技,2015-7-25
300017.SZ,网宿科技,2016-3-2
300017.SZ,网宿科技,2012-7-31
300018.SZ,中元股份,2017-1-23
300020.SZ,银江股份,2017-8-3
300020.SZ,银江股份,2011-12-23
300020.SZ,银江股份,2015-10-23
300022.SZ,吉峰农机,2016-5-28
300026.SZ,红日药业,2013-12-26
300027.SZ,华谊兄弟,2012-9-18
300034.SZ,钢研高纳,2012-12-11
300036.SZ,超图软件,2013-9-18
300037.SZ,新宙邦,2016-11-15
300038.SZ,梅泰诺,2013-7-10
300039.SZ,上海凯宝,2014-8-23
300040.SZ,九洲电气,2015-12-1
300043.SZ,星辉娱乐,2011-5-25
300043.SZ,星辉娱乐,2017-7-28
300044.SZ,赛为智能,2016-10-1
300044.SZ,赛为智能,2013-9-18
300045.SZ,华力创通,2010-11-13
300045.SZ,华力创通,2015-3-20
300045.SZ,华力创通,2016-12-29
300045.SZ,华力创通,2014-6-24
300047.SZ,天源迪科,2016-2-17
300047.SZ,天源迪科,2011-12-27
300048.SZ,合康新能,2010-5-29
300049.SZ,福瑞股份,2014-1-22
300050.SZ,世纪鼎利,2017-6-13
300051.SZ,三五互联,2016-3-9
300052.SZ,中青宝,2012-11-27
300054.SZ,鼎龙股份,2015-9-15
300054.SZ,鼎龙股份,2012-5-14
300054.SZ,鼎龙股份,2012-5-14
300056.SZ,三维丝,2011-5-18
300058.SZ,蓝色光标,2016-3-1
300058.SZ,蓝色光标,2017-4-27
300058.SZ,蓝色光标,2013-12-26
300058.SZ,蓝色光标,2011-4-1
300059.SZ,东方财富,2014-9-18
300059.SZ,东方财富,2011-5-12
300061.SZ,康旗股份,2014-11-11
300061.SZ,康旗股份,2014-11-11
300062.SZ,中能电气,2012-4-18
300062.SZ,中能电气,2016-8-2
300062.SZ,中能电气,2012-4-18
300066.SZ,三川智慧,2013-2-8
300067.SZ,安诺其,2016-7-22
300067.SZ,安诺其,2013-11-19
300067.SZ,安诺其,2013-11-19
300068.SZ,南都电源,2012-10-16
300068.SZ,南都电源,2012-10-16
300068.SZ,南都电源,2015-1-20
300070.SZ,碧水源,2016-4-15
300070.SZ,碧水源,2016-4-15
300070.SZ,碧水源,2014-4-10
300070.SZ,碧水源,2011-3-31
300071.SZ,华谊嘉信,2015-12-31
300072.SZ,三聚环保,2013-12-13
300072.SZ,三聚环保,2015-12-15
300074.SZ,华平股份,2016-6-7
300074.SZ,华平股份,2014-3-19
300074.SZ,华平股份,2017-2-8
300075.SZ,数字政通,2015-5-21
300075.SZ,数字政通,2016-2-23
300075.SZ,数字政通,2011-12-21
300077.SZ,国民技术,2015-3-4
300079.SZ,数码科技,2015-4-27
300081.SZ,恒信东方,2017-9-12
300082.SZ,奥克股份,2014-8-7
300082.SZ,奥克股份,2017-4-12
300083.SZ,劲胜智能,2016-11-29
300083.SZ,劲胜智能,2011-11-22
300083.SZ,劲胜智能,2014-4-25
300085.SZ,银之杰,2013-7-30
300085.SZ,银之杰,2013-7-30
300087.SZ,荃银高科,2015-1-7
300090.SZ,盛运环保,2016-1-29
300092.SZ,科新机电,2016-2-24
300094.SZ,国联水产,2017-1-16
300094.SZ,国联水产,2013-10-22
300095.SZ,华伍股份,2013-8-13
300095.SZ,华伍股份,2013-8-13
300097.SZ,智云股份,2017-1-5
300097.SZ,智云股份,2013-4-2
300098.SZ,高新兴,2013-2-6
300098.SZ,高新兴,2016-12-27
300098.SZ,高新兴,2016-2-3
300100.SZ,双林股份,2014-1-15
300102.SZ,乾照光电,2017-9-5
300104.SZ,乐视网,2011-9-15
300104.SZ,乐视网,2013-8-3
300104.SZ,乐视网,2015-9-24
300107.SZ,建新股份,2017-8-2
300107.SZ,建新股份,2017-8-2
300107.SZ,建新股份,2013-11-6
300110.SZ,华仁药业,2011-12-8
300110.SZ,华仁药业,2013-9-27
300112.SZ,万讯自控,2014-6-17
300112.SZ,万讯自控,2017-7-26
300113.SZ,顺网科技,2014-2-28
300115.SZ,长盈精密,2014-1-21
300116.SZ,坚瑞沃能,2012-5-25
300117.SZ,嘉寓股份,2012-7-25
300118.SZ,东方日升,2015-3-11
300119.SZ,瑞普生物,2012-1-5
300120.SZ,经纬电材,2013-6-8
300121.SZ,阳谷华泰,2012-7-31
300121.SZ,阳谷华泰,2016-4-9
300122.SZ,智飞生物,2013-5-4
300123.SZ,太阳鸟,2013-8-16
300124.SZ,汇川技术,2015-4-23
300124.SZ,汇川技术,2013-1-16
300124.SZ,汇川技术,2016-10-12
300126.SZ,锐奇股份,2014-6-3
300128.SZ,锦富技术,2012-6-8
300130.SZ,新国都,2017-4-25
300130.SZ,新国都,2014-4-10
300130.SZ,新国都,2015-12-2
300131.SZ,英唐智控,2012-4-17
300133.SZ,华策影视,2017-5-17
300133.SZ,华策影视,2017-5-17
300133.SZ,华策影视,2011-11-30
300136.SZ,信维通信,2013-5-8
300136.SZ,信维通信,2016-12-3
300136.SZ,信维通信,2013-5-8
300138.SZ,晨光生物,2016-4-12
300141.SZ,和顺电气,2017-7-21
300141.SZ,和顺电气,2012-2-2
300142.SZ,沃森生物,2012-7-28
300143.SZ,星普医科,2016-11-19
300144.SZ,宋城演艺,2013-3-25
300145.SZ,中金环境,2013-5-21
300145.SZ,中金环境,2016-10-25
300145.SZ,中金环境,2013-5-21
300146.SZ,汤臣倍健,2013-1-18
300146.SZ,汤臣倍健,2016-10-20
300147.SZ,香雪制药,2012-5-18
300149.SZ,量子高科,2017-6-13
300152.SZ,科融环境,2012-3-13
300152.SZ,科融环境,2017-1-4
300154.SZ,瑞凌股份,2015-5-19
300155.SZ,安居宝,2013-3-30
300158.SZ,振东制药,2016-2-6
300164.SZ,通源石油,2017-3-22
300166.SZ,东方国信,2016-4-23
300166.SZ,东方国信,2013-2-7
300166.SZ,东方国信,2013-2-7
300168.SZ,万达信息,2011-9-20
300168.SZ,万达信息,2014-3-22
300170.SZ,汉得信息,2015-7-25
300170.SZ,汉得信息,2012-12-26
300170.SZ,汉得信息,2016-7-7
300170.SZ,汉得信息,2014-8-28
300170.SZ,汉得信息,2011-7-22
300170.SZ,汉得信息,2014-1-29
300171.SZ,东富龙,2014-4-1
300177.SZ,中海达,2011-9-14
300177.SZ,中海达,2016-9-3
300178.SZ,腾邦国际,2015-1-26
300178.SZ,腾邦国际,2012-8-31
300179.SZ,四方达,2015-8-4
300182.SZ,捷成股份,2012-7-13
300182.SZ,捷成股份,2016-11-29
300182.SZ,捷成股份,2012-7-13
300182.SZ,捷成股份,2014-8-5
300183.SZ,东软载波,2012-8-30
300184.SZ,力源信息,2014-11-5
300184.SZ,力源信息,2014-11-5
300187.SZ,永清环保,2015-8-22
300188.SZ,美亚柏科,2012-5-30
300188.SZ,美亚柏科,2016-11-16
300190.SZ,维尔利,2012-2-8
300193.SZ,佳士科技,2015-3-11
300195.SZ,长荣股份,2013-3-2
300197.SZ,铁汉生态,2017-9-6
300197.SZ,铁汉生态,2013-4-2
300198.SZ,纳川股份,2012-3-5
300198.SZ,纳川股份,2012-3-5
300199.SZ,翰宇药业,2017-2-28
300201.SZ,海伦哲,2015-4-28
300203.SZ,聚光科技,2014-5-22
300204.SZ,舒泰神,2016-8-23
300204.SZ,舒泰神,2015-8-28
300204.SZ,舒泰神,2015-8-28
300207.SZ,欣旺达,2015-11-24
300207.SZ,欣旺达,2014-4-5
300208.SZ,恒顺众昇,2011-6-30
300208.SZ,恒顺众昇,2014-9-20
300213.SZ,佳讯飞鸿,2011-12-29
300216.SZ,千山药机,2012-11-2
300218.SZ,安利股份,2013-9-11
300219.SZ,鸿利智汇,2014-2-24
300219.SZ,鸿利智汇,2014-2-24
300221.SZ,银禧科技,2014-10-16
300221.SZ,银禧科技,2014-10-16
300222.SZ,科大智能,2016-6-29
300222.SZ,科大智能,2015-4-22
300223.SZ,北京君正,2016-3-12
300224.SZ,正海磁材,2014-5-27
300226.SZ,上海钢联,2016-4-27
300227.SZ,光韵达,2014-4-15
300228.SZ,富瑞特装,2012-6-19
300228.SZ,富瑞特装,2017-2-11
300228.SZ,富瑞特装,2017-2-11
300229.SZ,拓尔思,2016-5-25
300229.SZ,拓尔思,2011-12-24
300231.SZ,银信科技,2016-4-30
300231.SZ,银信科技,2014-10-25
300232.SZ,洲明科技,2013-11-6
300232.SZ,洲明科技,2013-11-6
300232.SZ,洲明科技,2016-12-28
300233.SZ,金城医药,2014-5-1
300236.SZ,上海新阳,2012-2-9
300236.SZ,上海新阳,2014-4-22
300238.SZ,冠昊生物,2013-10-30
300240.SZ,飞力达,2012-2-23
300241.SZ,瑞丰光电,2012-11-9
300241.SZ,瑞丰光电,2012-11-9
300241.SZ,瑞丰光电,2016-7-2
300242.SZ,明家联合,2015-11-27
300242.SZ,明家联合,2015-11-27
300243.SZ,瑞丰高材,2013-9-17
300243.SZ,瑞丰高材,2013-9-17
300244.SZ,迪安诊断,2013-4-13
300245.SZ,天玑科技,2013-7-11
300245.SZ,天玑科技,2016-3-11
300247.SZ,乐金健康,2015-8-4
300247.SZ,乐金健康,2016-3-8
300248.SZ,新开普,2016-6-14
300249.SZ,依米康,2017-6-19
300250.SZ,初灵信息,2014-3-11
300252.SZ,金信诺,2013-1-22
300253.SZ,卫宁健康,2012-7-26
300253.SZ,卫宁健康,2016-12-10
300253.SZ,卫宁健康,2014-10-9
300253.SZ,卫宁健康,2016-12-10
300255.SZ,常山药业,2012-8-3
300256.SZ,星星科技,2016-12-15
300259.SZ,新天科技,2015-5-13
300260.SZ,新莱应材,2017-1-10
300262.SZ,巴安水务,2016-6-15
300262.SZ,巴安水务,2016-6-15
300263.SZ,隆华节能,2012-5-15
300263.SZ,隆华节能,2012-5-15
300267.SZ,尔康制药,2014-1-30
300269.SZ,联建光电,2016-2-5
300269.SZ,联建光电,2016-2-5
300270.SZ,中威电子,2014-1-17
300271.SZ,华宇软件,2015-1-15
300271.SZ,华宇软件,2012-5-10
300271.SZ,华宇软件,2016-11-29
300272.SZ,开能环保,2013-1-30
300274.SZ,阳光电源,2017-3-18
300274.SZ,阳光电源,2013-8-13
300274.SZ,阳光电源,2013-8-13
300275.SZ,梅安森,2013-7-30
300279.SZ,和晶科技,2017-3-21
300281.SZ,金明精机,2014-3-11
300281.SZ,金明精机,2014-3-11
300282.SZ,汇冠股份,2016-11-12
300284.SZ,苏交科,2013-4-11
300285.SZ,国瓷材料,2012-10-16
300286.SZ,安科瑞,2017-5-16
300286.SZ,安科瑞,2013-3-12
300286.SZ,安科瑞,2016-10-19
300289.SZ,利德曼,2014-4-28
300295.SZ,三六五网,2017-8-23
300295.SZ,三六五网,2017-8-23
300296.SZ,利亚德,2012-10-31
300297.SZ,蓝盾股份,2016-3-4
300298.SZ,三诺生物,2013-11-19
300298.SZ,三诺生物,2013-11-19
300298.SZ,三诺生物,2017-5-6
300299.SZ,富春股份,2013-1-5
300300.SZ,汉鼎宇佑,2014-1-28
300301.SZ,长方集团,2013-8-3
300302.SZ,同有科技,2015-4-21
300303.SZ,聚飞光电,2016-9-23
300304.SZ,云意电气,2017-8-22
300305.SZ,裕兴股份,2014-12-15
300305.SZ,裕兴股份,2014-12-15
300306.SZ,远方信息,2013-7-11
300308.SZ,中际旭创,2017-8-22
300311.SZ,任子行,2014-8-5
300315.SZ,掌趣科技,2014-3-8
300316.SZ,晶盛机电,2015-1-30
300317.SZ,珈伟股份,2016-7-22
300318.SZ,博晖创新,2016-4-6
300319.SZ,麦捷科技,2017-1-11
300319.SZ,麦捷科技,2014-5-8
300322.SZ,硕贝德,2014-8-2
300322.SZ,硕贝德,2014-8-2
300323.SZ,华灿光电,2017-3-3
300323.SZ,华灿光电,2017-3-3
300324.SZ,旋极信息,2017-3-25
300324.SZ,旋极信息,2014-4-30
300325.SZ,德威新材,2015-11-19
300326.SZ,凯利泰,2015-1-6
300327.SZ,中颖电子,2017-5-26
300327.SZ,中颖电子,2015-8-22
300328.SZ,宜安科技,2016-2-29
300328.SZ,宜安科技,2013-12-27
300330.SZ,华虹计通,2013-8-22
300331.SZ,苏大维格,2013-12-26
300332.SZ,天壕环境,2014-4-4
300335.SZ,迪森股份,2014-8-30
300335.SZ,迪森股份,2014-8-30
300339.SZ,润和软件,2014-9-25
300341.SZ,麦迪电气,2014-12-19
300342.SZ,天银机电,2017-5-23
300347.SZ,泰格医药,2013-10-31
300347.SZ,泰格医药,2014-6-12
300348.SZ,长亮科技,2014-6-4
300349.SZ,金卡智能,2017-7-7
300354.SZ,东华测试,2015-9-8
300354.SZ,东华测试,2015-9-8
300356.SZ,光一科技,2016-4-14
300358.SZ,楚天科技,2015-8-15
300360.SZ,炬华科技,2014-7-8
300362.SZ,天翔环境,2016-10-10
300362.SZ,天翔环境,2017-6-3
300362.SZ,天翔环境,2016-10-10
300362.SZ,天翔环境,2017-6-3
300362.SZ,天翔环境,2015-8-5
300363.SZ,博腾股份,2016-3-11
300364.SZ,中文在线,2015-5-12
300364.SZ,中文在线,2016-4-14
300364.SZ,中文在线,2015-6-11
300364.SZ,中文在线,2016-4-14
300365.SZ,恒华科技,2015-5-29
300367.SZ,东方网力,2016-9-20
300367.SZ,东方网力,2014-8-19
300367.SZ,东方网力,2015-9-22
300368.SZ,汇金股份,2017-3-24
300369.SZ,绿盟科技,2015-11-13
300369.SZ,绿盟科技,2016-9-7
300369.SZ,绿盟科技,2015-7-30
300369.SZ,绿盟科技,2014-4-14
300369.SZ,绿盟科技,2017-8-18
300369.SZ,绿盟科技,2017-8-18
300370.SZ,安控科技,2015-8-18
300370.SZ,安控科技,2016-9-15
300373.SZ,扬杰科技,2015-1-9
300373.SZ,扬杰科技,2016-3-5
300375.SZ,鹏翎股份,2014-6-14
300376.SZ,易事特,2017-4-25
300377.SZ,赢时胜,2016-7-2
300378.SZ,鼎捷软件,2017-7-27
300378.SZ,鼎捷软件,2016-3-28
300378.SZ,鼎捷软件,2017-7-27
300379.SZ,东方通,2015-8-20
300380.SZ,安硕信息,2017-2-28
300382.SZ,斯莱克,2015-1-22
300382.SZ,斯莱克,2016-10-28
300383.SZ,光环新网,2016-3-15
300387.SZ,富邦股份,2016-6-28
300387.SZ,富邦股份,2015-8-5
300388.SZ,国祯环保,2016-10-21
300388.SZ,国祯环保,2015-8-11
300389.SZ,艾比森,2017-8-9
300389.SZ,艾比森,2014-9-30
300389.SZ,艾比森,2017-8-9
300393.SZ,中来股份,2016-9-27
300395.SZ,菲利华,2015-8-4
300395.SZ,菲利华,2017-9-22
300404.SZ,博济医药,2017-3-17
300406.SZ,九强生物,2016-12-31
300406.SZ,九强生物,2015-5-20
300406.SZ,九强生物,2017-9-8
300407.SZ,凯发电气,2016-12-27
300408.SZ,三环集团,2015-8-19
300409.SZ,道氏技术,2017-7-28
300409.SZ,道氏技术,2017-9-30
300409.SZ,道氏技术,2017-4-24
300410.SZ,正业科技,2015-8-11
300412.SZ,迦南科技,2016-9-30
300418.SZ,昆仑万维,2015-3-31
300418.SZ,昆仑万维,2015-3-31
300422.SZ,博世科,2015-11-5
300423.SZ,鲁亿通,2017-5-11
300423.SZ,鲁亿通,2016-5-23
300424.SZ,航新科技,2017-5-31
300425.SZ,环能科技,2017-3-28
300431.SZ,暴风集团,2016-3-19
300431.SZ,暴风集团,2015-4-24
300431.SZ,暴风集团,2016-3-19
300435.SZ,中泰股份,2017-7-1
300435.SZ,中泰股份,2015-7-27
300436.SZ,广生堂,2016-8-29
300439.SZ,美康生物,2016-4-1
300440.SZ,运达科技,2015-10-23
300440.SZ,运达科技,2016-12-27
300444.SZ,双杰电气,2015-9-28
300445.SZ,康斯特,2016-7-9
300447.SZ,全信股份,2016-2-3
300447.SZ,全信股份,2016-9-7
300448.SZ,浩云科技,2015-9-29
300448.SZ,浩云科技,2016-3-24
300449.SZ,汉邦高科,2016-3-31
300451.SZ,创业软件,2015-10-22
300451.SZ,创业软件,2015-10-22
300456.SZ,耐威科技,2017-3-30
300456.SZ,耐威科技,2017-3-30
300458.SZ,全志科技,2016-5-25
300461.SZ,田中精机,2017-1-19
300464.SZ,星徽精密,2015-7-25
300465.SZ,高伟达,2015-10-8
300465.SZ,高伟达,2016-3-12
300467.SZ,迅游科技,2017-9-4
300467.SZ,迅游科技,2015-7-2
300467.SZ,迅游科技,2017-9-4
300468.SZ,四方精创,2016-12-31
300468.SZ,四方精创,2015-10-12
300469.SZ,信息发展,2016-5-12
300471.SZ,厚普股份,2015-7-28
300473.SZ,德尔股份,2016-9-23
300474.SZ,景嘉微,2017-5-22
300476.SZ,胜宏科技,2015-8-5
300480.SZ,光力科技,2016-2-2
300481.SZ,濮阳惠成,2017-8-14
300486.SZ,东杰智能,2016-2-22
300487.SZ,蓝晓科技,2016-3-28
300488.SZ,恒锋工具,2017-6-19
300490.SZ,华自科技,2017-7-18
300491.SZ,通合科技,2016-8-16
300495.SZ,美尚生态,2016-5-25
300496.SZ,中科创达,2016-1-8
300496.SZ,中科创达,2016-1-8
300496.SZ,中科创达,2017-8-11
300497.SZ,富祥股份,2016-3-28
300500.SZ,启迪设计,2016-5-20
300502.SZ,新易盛,2017-7-7
300503.SZ,昊志机电,2016-8-30
300511.SZ,雪榕生物,2017-7-13
300520.SZ,科大国创,2016-8-5
300525.SZ,博思软件,2017-5-3
300529.SZ,健帆生物,2016-11-9
300532.SZ,今天国际,2017-3-14
300538.SZ,同益股份,2017-1-17
300542.SZ,新晨科技,2017-4-17
300545.SZ,联得装备,2017-3-31
300546.SZ,雄帝科技,2017-2-11
300547.SZ,川环科技,2017-8-21
300552.SZ,万集科技,2017-8-5
300552.SZ,万集科技,2017-8-5
300561.SZ,汇金科技,2017-7-15
300566.SZ,激智科技,2016-12-24
300567.SZ,精测电子,2017-6-8
300572.SZ,安车检测,2017-4-26
300577.SZ,开润股份,2017-5-23
300582.SZ,英飞特,2017-4-17
300595.SZ,欧普康视,2017-8-17
300601.SZ,康泰生物,2017-5-13
300609.SZ,汇纳科技,2017-8-15
300616.SZ,尚品宅配,2017-5-17
300627.SZ,华测导航,2017-9-30
300636.SZ,同和药业,2017-7-14
300637.SZ,扬帆新材,2017-8-5
300639.SZ,凯普生物,2017-6-3
300647.SZ,超频三,2017-9-12
300659.SZ,中孚信息,2017-8-8
300661.SZ,圣邦股份,2017-8-11
300661.SZ,圣邦股份,2017-8-11
300677.SZ,英科医疗,2017-10-11
600019.SH,宝钢股份,2014-4-30
600030.SH,中信证券,2005-7-20
600031.SH,三一重工,2012-12-6
600031.SH,三一重工,2012-12-6
600031.SH,三一重工,2016-10-19
600031.SH,三一重工,2016-10-19
600048.SH,保利地产,2016-6-7
600048.SH,保利地产,2011-12-24
600051.SH,宁波联合,2013-8-27
600060.SH,海信电器,2009-4-25
600066.SH,宇通客车,2012-6-12
600067.SH,冠城大通,2010-7-29
600074.SH,保千里,2015-11-7
600074.SH,保千里,2015-7-3
600077.SH,宋都股份,2012-2-14
600079.SH,人福医药,2011-4-26
600089.SH,特变电工,2014-4-30
600105.SH,永鼎股份,2017-8-14
600114.SH,东睦股份,2017-5-19
600114.SH,东睦股份,2013-2-27
600114.SH,东睦股份,2015-6-25
600122.SH,宏图高科,2013-10-24
600122.SH,宏图高科,2013-10-24
600122.SH,宏图高科,2015-7-11
600143.SH,金发科技,2006-5-23
600143.SH,金发科技,2010-9-28
600162.SH,香江控股,2015-10-15
600175.SH,美都能源,2012-10-20
600180.SH,瑞茂通,2012-12-14
600180.SH,瑞茂通,2015-9-12
600180.SH,瑞茂通,2012-12-14
600183.SH,生益科技,2013-8-7
600196.SH,复星医药,2015-8-26
600196.SH,复星医药,2013-10-31
600200.SH,江苏吴中,2014-11-28
600201.SH,生物股份,2013-12-26
600201.SH,生物股份,2017-4-25
600208.SH,新湖中宝,2011-9-6
600208.SH,新湖中宝,2015-12-4
600208.SH,新湖中宝,2008-5-30
600209.SH,罗顿发展,2016-1-16
600216.SH,浙江医药,2016-8-20
600233.SH,圆通速递,2016-12-3
600240.SH,华业资本,2011-5-5
600260.SH,凯乐科技,2006-12-5
600271.SH,航天信息,2016-12-3
600276.SH,恒瑞医药,2010-6-10
600276.SH,恒瑞医药,2014-4-9
600277.SH,亿利洁能,2015-1-15
600282.SH,南钢股份,2017-3-29
600285.SH,羚锐制药,2013-5-28
600289.SH,亿阳信通,2011-2-23
600315.SH,上海家化,2015-3-19
600315.SH,上海家化,2007-12-27
600315.SH,上海家化,2014-4-11
600315.SH,上海家化,2012-5-8
600315.SH,上海家化,2015-3-19
600325.SH,华发股份,2017-1-24
600337.SH,美克家居,2013-5-7
600337.SH,美克家居,2017-5-25
600352.SH,浙江龙盛,2008-6-3
600356.SH,恒丰纸业,2010-6-3
600360.SH,华微电子,2015-8-26
600366.SH,宁波韵升,2015-3-27
600380.SH,健康元,2015-3-10
600381.SH,青海春天,2012-3-29
600383.SH,金地集团,2010-1-15
600388.SH,龙净环保,2010-9-30
600405.SH,动力源,2010-6-10
600405.SH,动力源,2015-10-9
600410.SH,华胜天成,2010-6-19
600410.SH,华胜天成,2015-4-28
600422.SH,昆药集团,2013-1-4
600422.SH,昆药集团,2016-6-9
600422.SH,昆药集团,2010-8-20
600426.SH,华鲁恒升,2015-10-27
600446.SH,金证股份,2011-9-27
600466.SH,蓝光发展,2015-12-10
600477.SH,杭萧钢构,2014-5-17
600477.SH,杭萧钢构,2015-3-28
600477.SH,杭萧钢构,2010-6-25
600478.SH,科力远,2008-9-10
600480.SH,凌云股份,2016-12-30
600482.SH,中国动力,2014-8-1
600482.SH,中国动力,2016-12-6
600485.SH,信威集团,2008-7-11
600490.SH,鹏欣资源,2017-4-26
600496.SH,精工钢构,2010-7-28
600498.SH,烽火通信,2009-2-14
600498.SH,烽火通信,2014-10-16
600499.SH,科达洁能,2007-1-16
600499.SH,科达洁能,2012-2-21
600507.SH,方大特钢,2012-4-7
600516.SH,方大炭素,2017-3-17
600516.SH,方大炭素,2017-3-17
600518.SH,康美药业,2016-3-9
600521.SH,华海药业,2015-6-9
600521.SH,华海药业,2010-3-3
600523.SH,贵航股份,2014-9-16
600525.SH,长园集团,2014-12-12
600525.SH,长园集团,2016-2-5
600525.SH,长园集团,2017-9-30
600549.SH,厦门钨业,2017-4-8
600557.SH,康缘药业,2017-6-13
600565.SH,迪马股份,2016-8-17
600567.SH,山鹰纸业,2016-9-2
600571.SH,信雅达,2008-12-4
600571.SH,信雅达,2008-4-28
600571.SH,信雅达,2011-10-15
600576.SH,祥源文化,2017-5-27
600580.SH,卧龙电气,2008-7-10
600586.SH,金晶科技,2015-9-24
600588.SH,用友网络,2017-5-24
600588.SH,用友网络,2013-10-26
600588.SH,用友网络,2011-4-6
600588.SH,用友网络,2017-5-24
600588.SH,用友网络,2006-12-2
600588.SH,用友网络,2013-10-26
600590.SH,泰豪科技,2014-9-24
600594.SH,益佰制药,2011-12-29
600596.SH,新安股份,2017-4-6
600596.SH,新安股份,2006-3-8
600597.SH,光明乳业,2010-8-28
600597.SH,光明乳业,2014-7-24
600637.SH,东方明珠,2016-9-19
600645.SH,中源协和,2014-3-22
600651.SH,飞乐音响,2016-5-28
600664.SH,哈药股份,2016-9-13
600681.SH,百川能源,2016-12-22
600688.SH,上海石化,2014-8-18
600690.SH,青岛海尔,2009-5-13
600690.SH,青岛海尔,2012-5-4
600690.SH,青岛海尔,2014-4-12
600690.SH,青岛海尔,2014-4-12
600690.SH,青岛海尔,2011-1-15
600693.SH,东百集团,2010-6-30
600718.SH,东软集团,2015-7-29
600728.SH,佳都科技,2014-8-26
600728.SH,佳都科技,2017-6-10
600737.SH,中粮糖业,2016-9-21
600739.SH,辽宁成大,2006-7-18
600743.SH,华远地产,2015-11-28
600756.SH,浪潮软件,2015-5-6
600773.SH,西藏城投,2007-1-9
600776.SH,东方通信,2013-5-21
600797.SH,浙大网新,2010-12-23
600801.SH,华新水泥,2013-6-14
600804.SH,鹏博士,2013-4-2
600804.SH,鹏博士,2013-4-2
600807.SH,天业股份,2015-12-12
600823.SH,世茂股份,2013-6-7
600850.SH,华东电脑,2014-12-13
600867.SH,通化东宝,2014-5-9
600867.SH,通化东宝,2014-5-9
600871.SH,石化油服,2016-8-31
600880.SH,博瑞传播,2006-7-27
600882.SH,广泽股份,2017-3-17
600887.SH,伊利股份,2016-10-22
600887.SH,伊利股份,2016-10-22
600887.SH,伊利股份,2006-11-28
600973.SH,宝胜股份,2013-5-10
600976.SH,健民集团,2013-12-17
600976.SH,健民集团,2010-8-24
600976.SH,健民集团,2015-1-15
600978.SH,宜华生活,2012-3-24
600988.SH,赤峰黄金,2016-4-11
600998.SH,九州通,2017-4-25
600998.SH,九州通,2014-5-29
601011.SH,宝泰隆,2017-8-29
601012.SH,隆基股份,2016-9-29
601012.SH,隆基股份,2014-10-23
601020.SH,华钰矿业,2016-5-26
601021.SH,春秋航空,2016-9-10
601028.SH,玉龙股份,2013-7-16
601126.SH,四方股份,2011-7-2
601127.SH,小康股份,2017-7-5
601139.SH,深圳燃气,2012-8-16
601139.SH,深圳燃气,2016-8-9
601155.SH,新城控股,2016-8-19
601208.SH,东材科技,2013-9-27
601222.SH,林洋能源,2016-12-7
601222.SH,林洋能源,2012-6-7
601231.SH,环旭电子,2015-8-22
601233.SH,桐昆股份,2014-1-24
601238.SH,广汽集团,2014-9-3
601258.SH,庞大集团,2016-4-6
601311.SH,骆驼股份,2012-11-13
601313.SH,江南嘉捷,2012-12-4
601566.SH,九牧王,2012-4-9
601567.SH,三星医疗,2014-5-21
601567.SH,三星医疗,2015-6-2
601599.SH,鹿港文化,2015-10-16
601616.SH,广电电气,2013-3-2
601636.SH,旗滨集团,2012-3-15
601636.SH,旗滨集团,2016-7-26
601636.SH,旗滨集团,2017-2-28
601668.SH,中国建筑,2013-4-22
601668.SH,中国建筑,2016-11-8
601677.SH,明泰铝业,2014-11-28
601677.SH,明泰铝业,2016-9-30
601700.SH,风范股份,2013-10-15
601777.SH,力帆股份,2013-8-31
601777.SH,力帆股份,2017-8-12
601799.SH,星宇股份,2011-11-30
601877.SH,正泰电器,2017-5-19
601877.SH,正泰电器,2011-4-30
601877.SH,正泰电器,2011-4-30
601908.SH,京运通,2016-1-19
601996.SH,丰林集团,2017-1-20
603002.SH,宏昌电子,2015-8-5
603005.SH,晶方科技,2017-2-22
603006.SH,联明股份,2015-12-8
603008.SH,喜临门,2017-1-25
603009.SH,北特科技,2015-8-11
603015.SH,弘讯科技,2017-3-10
603016.SH,新宏泰,2017-7-3
603016.SH,新宏泰,2017-7-3
603017.SH,中衡设计,2017-6-8
603017.SH,中衡设计,2015-4-16
603018.SH,中设集团,2017-3-6
603027.SH,千禾味业,2017-8-25
603030.SH,全筑股份,2017-1-5
603030.SH,全筑股份,2015-7-14
603037.SH,凯众股份,2017-8-25
603038.SH,华立股份,2017-9-9
603039.SH,泛微网络,2017-7-20
603040.SH,新坐标,2017-7-10
603066.SH,音飞储存,2016-5-26
603096.SH,新经典,2017-6-13
603096.SH,新经典,2017-6-13
603111.SH,康尼机电,2014-11-18
603116.SH,红蜻蜓,2017-8-8
603118.SH,共进股份,2015-11-12
603128.SH,华贸物流,2013-4-27
603158.SH,腾龙股份,2016-3-23
603160.SH,汇顶科技,2017-5-10
603179.SH,新泉股份,2017-9-2
603226.SH,菲林格尔,2017-8-23
603268.SH,松发股份,2017-7-5
603288.SH,海天味业,2014-8-29
603306.SH,华懋科技,2015-10-19
603318.SH,派思股份,2016-2-6
603326.SH,我乐家居,2017-8-2
603328.SH,依顿电子,2016-4-9
603328.SH,依顿电子,2016-4-9
603339.SH,四方冷链,2017-2-21
603383.SH,顶点软件,2017-7-11
603388.SH,元成股份,2017-8-22
603398.SH,邦宝益智,2017-7-11
603399.SH,新华龙,2017-3-31
603421.SH,鼎信通讯,2017-5-12
603444.SH,吉比特,2017-2-13
603456.SH,九洲药业,2017-5-31
603518.SH,维格娜丝,2017-5-23
603556.SH,海兴电力,2017-2-14
603566.SH,普莱柯,2016-10-19
603568.SH,伟明环保,2017-2-11
603579.SH,荣泰健康,2017-2-27
603588.SH,高能环境,2016-2-26
603598.SH,引力传媒,2016-9-24
603600.SH,永艺股份,2017-7-12
603608.SH,天创时尚,2017-3-22
603611.SH,诺力股份,2017-6-26
603630.SH,拉芳家化,2017-9-5
603636.SH,南威软件,2016-10-15
603677.SH,奇精机械,2017-6-20
603686.SH,龙马环卫,2016-3-22
603688.SH,石英股份,2016-6-9
603690.SH,至纯科技,2017-5-10
603701.SH,德宏股份,2017-6-22
603737.SH,三棵树,2017-8-26
603766.SH,隆鑫通用,2013-7-24
603777.SH,来伊份,2017-5-25
603788.SH,宁波高发,2015-10-9
603789.SH,星光农机,2016-2-23
603808.SH,歌力思,2017-1-20
603808.SH,歌力思,2015-7-28
603816.SH,顾家家居,2017-9-13
603828.SH,柯利达,2015-6-3
603833.SH,欧派家居,2017-5-10
603839.SH,安正时尚,2017-8-1
603877.SH,太平鸟,2017-7-5
603887.SH,城地股份,2017-7-10
603889.SH,新澳股份,2015-9-12
603898.SH,好莱客,2016-4-9
603900.SH,通灵珠宝,2017-6-9
603903.SH,中持股份,2017-9-16
603918.SH,金桥信息,2017-2-23
603986.SH,兆易创新,2016-12-1
603990.SH,麦迪科技,2017-3-28
603990.SH,麦迪科技,2017-3-28
603998.SH,方盛制药,2016-5-11